16,17.3941,,,16,17.3941,,,1.3941,,2.91603725
16,17.3649,,,16,17.3649,,,1.3649,,
16,17.5023,,,16,17.5023,,,1.5023,,
17,17.3516,,,17,17.3516,,,0.3516,,
17,16.0404,,,17,16.0404,,,0.9596,,
17,17.1043,,,17,17.1043,,,0.1043,,
17,16.8856,,,17,16.8856,,,0.1144,,
17,16.7122,,,17,16.7122,,,0.2878,,
17,16.7309,,,17,16.7309,,,0.2691,,
17,16.5904,,,17,16.5904,,,0.4096,,
18,16.2794,,,18,16.2794,,,1.7206,,
18,16.6791,,,18,16.6791,,,1.3209,,
18,16.3087,,,18,16.3087,,,1.6913,,
18,15.8825,,,18,15.8825,,,2.1175,,
18,15.8361,,,18,15.8361,,,2.1639,,
19,15.3333,,,19,15.3333,,,3.6667,,
19,15.879,,,19,15.879,,,3.121,,
19,15.6889,,,19,15.6889,,,3.3111,,
19,15.8484,,,19,15.8484,,,3.1516,,
19,14.5054,,,19,14.5054,,,4.4946,,
19,14.0634,,,19,14.0634,,,4.9366,,
19,13.8503,,,19,13.8503,,,5.1497,,
19,13.8587,,,19,13.8587,,,5.1413,,
19,13.877,,,19,13.877,,,5.123,,
19,13.8753,,,19,13.8753,,,5.1247,,
19,13.5711,,,19,13.5711,,,5.4289,,
19,13.4656,,,19,13.4656,,,5.5344,,
19,14.6532,,,19,14.6532,,,4.3468,,
19,13.998,,,19,13.998,,,5.002,,
19,13.7517,,,19,13.7517,,,5.2483,,
19,13.2256,,,19,13.2256,,,5.7744,,
18,13.3738,,,18,13.3738,,,4.6262,,
18,13.0474,,,18,13.0474,,,4.9526,,
18,13.6131,,,18,13.6131,,,4.3869,,
18,13.3183,,,18,13.3183,,,4.6817,,
19,14.1798,,,19,14.1798,,,4.8202,,
18,14.4075,,,18,14.4075,,,3.5925,,
18,15.5698,,,18,15.5698,,,2.4302,,
18,15.3027,,,18,15.3027,,,2.6973,,
18,16.4386,,,18,16.4386,,,1.5614,,
18,16.1074,,,18,16.1074,,,1.8926,,
18,16.2739,,,18,16.2739,,,1.7261,,
18,16.3088,,,18,16.3088,,,1.6912,,
18,15.5438,,,18,15.5438,,,2.4562,,
18,15.5323,,,18,15.5323,,,2.4677,,
18,15.9704,,,18,15.9704,,,2.0296,,
18,15.3361,,,18,15.3361,,,2.6639,,
18,15.4594,,,18,15.4594,,,2.5406,,
18,16.2867,,,18,16.2867,,,1.7133,,
18,15.5211,,,18,15.5211,,,2.4789,,
18,15.2114,,,18,15.2114,,,2.7886,,
18,16.1302,,,18,16.1302,,,1.8698,,
18,15.409,,,18,15.409,,,2.591,,
18,16.3393,,,18,16.3393,,,1.6607,,
18,16.2581,,,18,16.2581,,,1.7419,,
18,16.4544,,,18,16.4544,,,1.5456,,
18,15.6526,,,18,15.6526,,,2.3474,,
18,15.4267,,,18,15.4267,,,2.5733,,
18,16.2689,,,18,16.2689,,,1.7311,,
18,17.0121,,,18,17.0121,,,0.9879,,
19,15.9926,,,19,15.9926,,,3.0074,,
19,15.7771,,,19,15.7771,,,3.2229,,
19,14.6542,,,19,14.6542,,,4.3458,,
19,14.6832,,,19,14.6832,,,4.3168,,
18,15.262,,,18,15.262,,,2.738,,
18,14.7084,,,18,14.7084,,,3.2916,,
18,15.4295,,,18,15.4295,,,2.5705,,
18,16.089,,,18,16.089,,,1.911,,
18,16.0975,,,18,16.0975,,,1.9025,,
18,16.5596,,,18,16.5596,,,1.4404,,
18,16.3828,,,18,16.3828,,,1.6172,,
17,15.8984,,,17,15.8984,,,1.1016,,
17,15.8479,,,17,15.8479,,,1.1521,,
17,15.4903,,,17,15.4903,,,1.5097,,
17,16.3867,,,17,16.3867,,,0.6133,,
17,15.3281,,,17,15.3281,,,1.6719,,
17,16.0909,,,17,16.0909,,,0.9091,,
17,16.0847,,,17,16.0847,,,0.9153,,
17,16.653,,,17,16.653,,,0.347,,
17,16.1224,,,17,16.1224,,,0.8776,,
17,15.7917,,,17,15.7917,,,1.2083,,
16,15.6779,,,16,15.6779,,,0.3221,,
16,15.3903,,,16,15.3903,,,0.6097,,
16,14.2454,,,16,14.2454,,,1.7546,,
16,14.2691,,,16,14.2691,,,1.7309,,
16,14.9372,,,16,14.9372,,,1.0628,,
16,14.2919,,,16,14.2919,,,1.7081,,
16,14.7808,,,16,14.7808,,,1.2192,,
16,15.5887,,,16,15.5887,,,0.4113,,
16,15.6896,,,16,15.6896,,,0.3104,,
16,16.1312,,,16,16.1312,,,0.1312,,
16,15.9005,,,16,15.9005,,,0.0995,,
16,16.4096,,,16,16.4096,,,0.4096,,
16,15.9627,,,16,15.9627,,,0.0373,,
16,15.5482,,,16,15.5482,,,0.4518,,
16,15.9765,,,16,15.9765,,,0.0235,,
15,16.1624,,,15,16.1624,,,1.1624,,
15,15.7359,,,15,15.7359,,,0.7359,,
15,15.4928,,,15,15.4928,,,0.4928,,
15,15.6835,,,15,15.6835,,,0.6835,,
15,15.7749,,,15,15.7749,,,0.7749,,
14,17.404,,,14,17.404,,,3.404,,
14,16.9968,,,14,16.9968,,,2.9968,,
14,16.5562,,,14,16.5562,,,2.5562,,
14,17.4617,,,14,17.4617,,,3.4617,,
14,17.2199,,,14,17.2199,,,3.2199,,
14,16.532,,,14,16.532,,,2.532,,
14,17.1252,,,14,17.1252,,,3.1252,,
14,16.0299,,,14,16.0299,,,2.0299,,
14,15.4189,,,14,15.4189,,,1.4189,,
16,15.8489,,,16,15.8489,,,0.1511,,
16,16.1308,,,16,16.1308,,,0.1308,,
16,16.2226,,,16,16.2226,,,0.2226,,
15,16.3086,,,15,16.3086,,,1.3086,,
15,14.9827,,,15,14.9827,,,0.0173,,
16,16.0362,,,16,16.0362,,,0.0362,,
16,16.0911,,,16,16.0911,,,0.0911,,
16,15.3297,,,16,15.3297,,,0.6703,,
16,16.1894,,,16,16.1894,,,0.1894,,
16,17.3382,,,16,17.3382,,,1.3382,,
17,16.0982,,,17,16.0982,,,0.9018,,
17,17.448,,,17,17.448,,,0.448,,
17,18.4907,,,17,18.4907,,,1.4907,,
17,19.01,,,17,19.01,,,2.01,,
17,19.7182,,,17,19.7182,,,2.7182,,
18,19.9291,,,18,19.9291,,,1.9291,,
18,20.1407,,,18,20.1407,,,2.1407,,
18,20.4379,,,18,20.4379,,,2.4379,,
18,20.46,,,18,20.46,,,2.46,,
18,19.8905,,,18,19.8905,,,1.8905,,
18,19.7703,,,18,19.7703,,,1.7703,,
18,20.1373,,,18,20.1373,,,2.1373,,
18,19.7183,,,18,19.7183,,,1.7183,,
18,19.659,,,18,19.659,,,1.659,,
18,19.8768,,,18,19.8768,,,1.8768,,
19,20.273,,,19,20.273,,,1.273,,
19,20.9096,,,19,20.9096,,,1.9096,,
19,21.5637,,,19,21.5637,,,2.5637,,
19,21.4352,,,19,21.4352,,,2.4352,,
19,20.8853,,,19,20.8853,,,1.8853,,
20,19.2198,,,20,19.2198,,,0.7802,,
20,19.2316,,,20,19.2316,,,0.7684,,
20,20.5179,,,20,20.5179,,,0.5179,,
20,21.2915,,,20,21.2915,,,1.2915,,
20,21.9056,,,20,21.9056,,,1.9056,,
21,21.6935,,,21,21.6935,,,0.6935,,
21,21.6515,,,21,21.6515,,,0.6515,,
21,21.8414,,,21,21.8414,,,0.8414,,
21,22.0542,,,21,22.0542,,,1.0542,,
21,22.1621,,,21,22.1621,,,1.1621,,
21,21.9538,,,21,21.9538,,,0.9538,,
21,20.4458,,,21,20.4458,,,0.5542,,
21,21.5571,,,21,21.5571,,,0.5571,,
21,21.3629,,,21,21.3629,,,0.3629,,
21,21.3284,,,21,21.3284,,,0.3284,,
21,21.7729,,,21,21.7729,,,0.7729,,
21,22.8937,,,21,22.8937,,,1.8937,,
21,22.3906,,,21,22.3906,,,1.3906,,
21,22.0759,,,21,22.0759,,,1.0759,,
21,22.9532,,,21,22.9532,,,1.9532,,
21,23.6595,,,21,23.6595,,,2.6595,,
21,22.4607,,,21,22.4607,,,1.4607,,
21,23.0428,,,21,23.0428,,,2.0428,,
21,22.5483,,,21,22.5483,,,1.5483,,
21,22.6109,,,21,22.6109,,,1.6109,,
21,22.8264,,,21,22.8264,,,1.8264,,
21,22.9177,,,21,22.9177,,,1.9177,,
21,23.034,,,21,23.034,,,2.034,,
21,22.7367,,,21,22.7367,,,1.7367,,
21,22.5217,,,21,22.5217,,,1.5217,,
22,22.4577,,,22,22.4577,,,0.4577,,
22,21.6781,,,22,21.6781,,,0.3219,,
22,21.9544,,,22,21.9544,,,0.0456,,
22,22.4911,,,22,22.4911,,,0.4911,,
22,22.3171,,,22,22.3171,,,0.3171,,
22,22.1196,,,22,22.1196,,,0.1196,,
22,23.1983,,,22,23.1983,,,1.1983,,
22,24.0952,,,22,24.0952,,,2.0952,,
22,23.6209,,,22,23.6209,,,1.6209,,
22,23.2791,,,22,23.2791,,,1.2791,,
22,22.7416,,,22,22.7416,,,0.7416,,
22,22.3378,,,22,22.3378,,,0.3378,,
22,21.8833,,,22,21.8833,,,0.1167,,
22,21.1761,,,22,21.1761,,,0.8239,,
22,20.8337,,,22,20.8337,,,1.1663,,
22,21.6854,,,22,21.6854,,,0.3146,,
22,20.9409,,,22,20.9409,,,1.0591,,
22,21.4139,,,22,21.4139,,,0.5861,,
22,22.1471,,,22,22.1471,,,0.1471,,
22,21.3863,,,22,21.3863,,,0.6137,,
22,21.7733,,,22,21.7733,,,0.2267,,
22,21.3671,,,22,21.3671,,,0.6329,,
22,20.5877,,,22,20.5877,,,1.4123,,
22,20.5471,,,22,20.5471,,,1.4529,,
22,20.0945,,,22,20.0945,,,1.9055,,
22,20.2483,,,22,20.2483,,,1.7517,,
22,20.2388,,,22,20.2388,,,1.7612,,
22,20.3176,,,22,20.3176,,,1.6824,,
22,20.3481,,,22,20.3481,,,1.6519,,
22,20.7907,,,22,20.7907,,,1.2093,,
22,21.5699,,,22,21.5699,,,0.4301,,
22,22.6268,,,22,22.6268,,,0.6268,,
22,22.5354,,,22,22.5354,,,0.5354,,
22,22.4971,,,22,22.4971,,,0.4971,,
22,22.5771,,,22,22.5771,,,0.5771,,
22,23.2806,,,22,23.2806,,,1.2806,,
22,22.2274,,,22,22.2274,,,0.2274,,
23,22.5307,,,23,22.5307,,,0.4693,,
23,22.5325,,,23,22.5325,,,0.4675,,
23,23.1982,,,23,23.1982,,,0.1982,,
23,23.8889,,,23,23.8889,,,0.8889,,
23,23.9753,,,23,23.9753,,,0.9753,,
23,23.9818,,,23,23.9818,,,0.9818,,
23,23.2471,,,23,23.2471,,,0.2471,,
23,22.7418,,,23,22.7418,,,0.2582,,
24,23.2661,,,24,23.2661,,,0.7339,,
23,23.4402,,,23,23.4402,,,0.4402,,
23,22.7677,,,23,22.7677,,,0.2323,,
23,23.3615,,,23,23.3615,,,0.3615,,
23,23.2852,,,23,23.2852,,,0.2852,,
24,24.5687,,,24,24.5687,,,0.5687,,
24,24.5264,,,24,24.5264,,,0.5264,,
24,25.1755,,,24,25.1755,,,1.1755,,
24,25.1319,,,24,25.1319,,,1.1319,,
24,25.1799,,,24,25.1799,,,1.1799,,
25,24.9015,,,25,24.9015,,,0.0985,,
25,25.7459,,,25,25.7459,,,0.7459,,
25,25.6011,,,25,25.6011,,,0.6011,,
25,25.7308,,,25,25.7308,,,0.7308,,
25,26.4267,,,25,26.4267,,,1.4267,,
26,27.2391,,,26,27.2391,,,1.2391,,
26,27.1819,,,26,27.1819,,,1.1819,,
26,27.1557,,,26,27.1557,,,1.1557,,
26,27.3718,,,26,27.3718,,,1.3718,,
26,28.0831,,,26,28.0831,,,2.0831,,
27,28.0698,,,27,28.0698,,,1.0698,,
27,28.6994,,,27,28.6994,,,1.6994,,
27,28.1779,,,27,28.1779,,,1.1779,,
27,28.2901,,,27,28.2901,,,1.2901,,
27,28.1867,,,27,28.1867,,,1.1867,,
27,28.663,,,27,28.663,,,1.663,,
27,30.9127,,,27,30.9127,,,3.9127,,
27,29.7219,,,27,29.7219,,,2.7219,,
27,29.8337,,,27,29.8337,,,2.8337,,
27,31.1951,,,27,31.1951,,,4.1951,,
28,31.4754,,,28,31.4754,,,3.4754,,
28,30.5065,,,28,30.5065,,,2.5065,,
28,29.9052,,,28,29.9052,,,1.9052,,
28,29.7992,,,28,29.7992,,,1.7992,,
28,31.2918,,,28,31.2918,,,3.2918,,
28,30.3264,,,28,30.3264,,,2.3264,,
27,29.5794,,,27,29.5794,,,2.5794,,
27,30.5403,,,27,30.5403,,,3.5403,,
27,31.4113,,,27,31.4113,,,4.4113,,
27,31.8443,,,27,31.8443,,,4.8443,,
27,30.8641,,,27,30.8641,,,3.8641,,
27,30.0013,,,27,30.0013,,,3.0013,,
27,30.2471,,,27,30.2471,,,3.2471,,
27,31.0579,,,27,31.0579,,,4.0579,,
27,30.9393,,,27,30.9393,,,3.9393,,
27,30.704,,,27,30.704,,,3.704,,
27,29.7321,,,27,29.7321,,,2.7321,,
27,29.2665,,,27,29.2665,,,2.2665,,
27,29.1683,,,27,29.1683,,,2.1683,,
27,29.0503,,,27,29.0503,,,2.0503,,
27,29.3113,,,27,29.3113,,,2.3113,,
27,29.5673,,,27,29.5673,,,2.5673,,
27,28.5833,,,27,28.5833,,,1.5833,,
27,27.3992,,,27,27.3992,,,0.3992,,
27,27.8247,,,27,27.8247,,,0.8247,,
28,28.6996,,,28,28.6996,,,0.6996,,
28,29.8422,,,28,29.8422,,,1.8422,,
28,27.7531,,,28,27.7531,,,0.2469,,
28,29.5923,,,28,29.5923,,,1.5923,,
28,30.6103,,,28,30.6103,,,2.6103,,
28,30.4077,,,28,30.4077,,,2.4077,,
28,30.9948,,,28,30.9948,,,2.9948,,
28,31.4605,,,28,31.4605,,,3.4605,,
28,30.0918,,,28,30.0918,,,2.0918,,
28,30.3434,,,28,30.3434,,,2.3434,,
29,29.1452,,,29,29.1452,,,0.1452,,
29,30.218,,,29,30.218,,,1.218,,
29,30.4414,,,29,30.4414,,,1.4414,,
29,29.6801,,,29,29.6801,,,0.6801,,
29,29.2221,,,29,29.2221,,,0.2221,,
29,27.9894,,,29,27.9894,,,1.0106,,
29,28.4571,,,29,28.4571,,,0.5429,,
29,29.28,,,29,29.28,,,0.28,,
29,29.0707,,,29,29.0707,,,0.0707,,
29,28.7358,,,29,28.7358,,,0.2642,,
29,29.3128,,,29,29.3128,,,0.3128,,
29,30.2054,,,29,30.2054,,,1.2054,,
29,28.9969,,,29,28.9969,,,0.0031,,
29,30.2457,,,29,30.2457,,,1.2457,,
29,29.3458,,,29,29.3458,,,0.3458,,
29,29.4325,,,29,29.4325,,,0.4325,,
29,31.1591,,,29,31.1591,,,2.1591,,
29,30.9667,,,29,30.9667,,,1.9667,,
29,30.9761,,,29,30.9761,,,1.9761,,
29,31.1773,,,29,31.1773,,,2.1773,,
29,30.3149,,,29,30.3149,,,1.3149,,
28,30.2774,,,28,30.2774,,,2.2774,,
28,29.4234,,,28,29.4234,,,1.4234,,
28,30.1064,,,28,30.1064,,,2.1064,,
28,29.2318,,,28,29.2318,,,1.2318,,
28,28.5046,,,28,28.5046,,,0.5046,,
28,28.5978,,,28,28.5978,,,0.5978,,
28,29.2332,,,28,29.2332,,,1.2332,,
28,29.6166,,,28,29.6166,,,1.6166,,
28,28.9887,,,28,28.9887,,,0.9887,,
28,28.4588,,,28,28.4588,,,0.4588,,
28,28.6703,,,28,28.6703,,,0.6703,,
28,28.1564,,,28,28.1564,,,0.1564,,
28,27.5552,,,28,27.5552,,,0.4448,,
28,26.3156,,,28,26.3156,,,1.6844,,
28,27.467,,,28,27.467,,,0.533,,
27,27.598,,,27,27.598,,,0.598,,
27,26.4265,,,27,26.4265,,,0.5735,,
27,27.2754,,,27,27.2754,,,0.2754,,
27,27.2148,,,27,27.2148,,,0.2148,,
28,26.4852,,,28,26.4852,,,1.5148,,
28,25.453,,,28,25.453,,,2.547,,
28,25.726,,,28,25.726,,,2.274,,
28,25.5038,,,28,25.5038,,,2.4962,,
28,26.3684,,,28,26.3684,,,1.6316,,
28,26.221,,,28,26.221,,,1.779,,
28,25.9186,,,28,25.9186,,,2.0814,,
28,26.1399,,,28,26.1399,,,1.8601,,
28,26.3202,,,28,26.3202,,,1.6798,,
28,26.4126,,,28,26.4126,,,1.5874,,
28,27.8998,,,28,27.8998,,,0.1002,,
28,27.2848,,,28,27.2848,,,0.7152,,
28,26.3604,,,28,26.3604,,,1.6396,,
28,25.556,,,28,25.556,,,2.444,,
28,26.2991,,,28,26.2991,,,1.7009,,
28,25.44,,,28,25.44,,,2.56,,
27,25.6724,,,27,25.6724,,,1.3276,,
27,25.2104,,,27,25.2104,,,1.7896,,
26,25.0634,,,26,25.0634,,,0.9366,,
26,24.7775,,,26,24.7775,,,1.2225,,
26,25.1348,,,26,25.1348,,,0.8652,,
26,26.1893,,,26,26.1893,,,0.1893,,
26,24.7223,,,26,24.7223,,,1.2777,,
26,24.1147,,,26,24.1147,,,1.8853,,
26,24.6362,,,26,24.6362,,,1.3638,,
27,25.1363,,,27,25.1363,,,1.8637,,
27,25.733,,,27,25.733,,,1.267,,
27,23.4571,,,27,23.4571,,,3.5429,,
27,23.9322,,,27,23.9322,,,3.0678,,
27,23.4559,,,27,23.4559,,,3.5441,,
27,23.6624,,,27,23.6624,,,3.3376,,
27,23.4908,,,27,23.4908,,,3.5092,,
27,22.3814,,,27,22.3814,,,4.6186,,
27,22.7553,,,27,22.7553,,,4.2447,,
27,22.8681,,,27,22.8681,,,4.1319,,
27,23.0011,,,27,23.0011,,,3.9989,,
27,22.1418,,,27,22.1418,,,4.8582,,
27,22.2162,,,27,22.2162,,,4.7838,,
26,23.4237,,,26,23.4237,,,2.5763,,
26,22.7148,,,26,22.7148,,,3.2852,,
26,22.9693,,,26,22.9693,,,3.0307,,
26,21.6759,,,26,21.6759,,,4.3241,,
26,22.408,,,26,22.408,,,3.592,,
26,21.8527,,,26,21.8527,,,4.1473,,
26,21.7023,,,26,21.7023,,,4.2977,,
26,22.2202,,,26,22.2202,,,3.7798,,
26,22.4885,,,26,22.4885,,,3.5115,,
26,22.451,,,26,22.451,,,3.549,,
26,22.6882,,,26,22.6882,,,3.3118,,
26,22.8237,,,26,22.8237,,,3.1763,,
26,21.8247,,,26,21.8247,,,4.1753,,
26,21.8132,,,26,21.8132,,,4.1868,,
26,21.687,,,26,21.687,,,4.313,,
26,22.632,,,26,22.632,,,3.368,,
26,23.1856,,,26,23.1856,,,2.8144,,
28,21.6942,,,28,21.6942,,,6.3058,,
28,22.0593,,,28,22.0593,,,5.9407,,
28,21.85,,,28,21.85,,,6.15,,
28,22.1928,,,28,22.1928,,,5.8072,,
28,22.7391,,,28,22.7391,,,5.2609,,
28,23.1016,,,28,23.1016,,,4.8984,,
28,22.7359,,,28,22.7359,,,5.2641,,
28,22.3603,,,28,22.3603,,,5.6397,,
28,22.0432,,,28,22.0432,,,5.9568,,
28,22.982,,,28,22.982,,,5.018,,
29,23.2535,,,29,23.2535,,,5.7465,,
29,22.403,,,29,22.403,,,6.597,,
29,21.8987,,,29,21.8987,,,7.1013,,
29,21.8549,,,29,21.8549,,,7.1451,,
29,21.6526,,,29,21.6526,,,7.3474,,
31,21.7876,,,31,21.7876,,,9.2124,,
31,22.3005,,,31,22.3005,,,8.6995,,
31,21.9676,,,31,21.9676,,,9.0324,,
31,21.7243,,,31,21.7243,,,9.2757,,
31,21.5519,,,31,21.5519,,,9.4481,,
31,21.8506,,,31,21.8506,,,9.1494,,
27,22.0367,,,27,22.0367,,,4.9633,,
27,21.8857,,,27,21.8857,,,5.1143,,
27,21.1222,,,27,21.1222,,,5.8778,,
27,22.067,,,27,22.067,,,4.933,,
27,22.3276,,,27,22.3276,,,4.6724,,
27,21.9732,,,27,21.9732,,,5.0268,,
27,22.0951,,,27,22.0951,,,4.9049,,
27,21.6286,,,27,21.6286,,,5.3714,,
27,21.7728,,,27,21.7728,,,5.2272,,
27,22.3527,,,27,22.3527,,,4.6473,,
27,21.594,,,27,21.594,,,5.406,,
27,21.7684,,,27,21.7684,,,5.2316,,
27,22.6706,,,27,22.6706,,,4.3294,,
27,21.9984,,,27,21.9984,,,5.0016,,
27,21.8267,,,27,21.8267,,,5.1733,,
27,22.1621,,,27,22.1621,,,4.8379,,
27,22.3538,,,27,22.3538,,,4.6462,,
27,22.8699,,,27,22.8699,,,4.1301,,
27,22.5063,,,27,22.5063,,,4.4937,,
28,21.6666,,,28,21.6666,,,6.3334,,
28,22.9064,,,28,22.9064,,,5.0936,,
28,22.8963,,,28,22.8963,,,5.1037,,
27,23.0737,,,27,23.0737,,,3.9263,,
27,22.7499,,,27,22.7499,,,4.2501,,
28,24.2069,,,28,24.2069,,,3.7931,,
28,23.8513,,,28,23.8513,,,4.1487,,
28,23.1109,,,28,23.1109,,,4.8891,,
28,23.1782,,,28,23.1782,,,4.8218,,
28,22.7535,,,28,22.7535,,,5.2465,,
28,22.499,,,28,22.499,,,5.501,,
28,22.3106,,,28,22.3106,,,5.6894,,
28,22.3713,,,28,22.3713,,,5.6287,,
28,22.5295,,,28,22.5295,,,5.4705,,
28,22.3701,,,28,22.3701,,,5.6299,,
28,22.7321,,,28,22.7321,,,5.2679,,
28,22.6428,,,28,22.6428,,,5.3572,,
28,22.8329,,,28,22.8329,,,5.1671,,
28,22.8778,,,28,22.8778,,,5.1222,,
28,22.9424,,,28,22.9424,,,5.0576,,
28,22.6,,,28,22.6,,,5.4,,
28,22.729,,,28,22.729,,,5.271,,
28,23.0059,,,28,23.0059,,,4.9941,,
28,22.6546,,,28,22.6546,,,5.3454,,
28,23.0578,,,28,23.0578,,,4.9422,,
28,23.6935,,,28,23.6935,,,4.3065,,
27,23.6014,,,27,23.6014,,,3.3986,,
27,23.7305,,,27,23.7305,,,3.2695,,
27,23.2453,,,27,23.2453,,,3.7547,,
27,24.0725,,,27,24.0725,,,2.9275,,
27,24.4287,,,27,24.4287,,,2.5713,,
26,23.9345,,,26,23.9345,,,2.0655,,
26,23.1557,,,26,23.1557,,,2.8443,,
26,23.9581,,,26,23.9581,,,2.0419,,
26,23.4988,,,26,23.4988,,,2.5012,,
26,24.1328,,,26,24.1328,,,1.8672,,
26,24.246,,,26,24.246,,,1.754,,
26,24.1547,,,26,24.1547,,,1.8453,,
26,24.5501,,,26,24.5501,,,1.4499,,
27,24.0536,,,27,24.0536,,,2.9464,,
28,23.6285,,,28,23.6285,,,4.3715,,
28,23.5586,,,28,23.5586,,,4.4414,,
28,23.123,,,28,23.123,,,4.877,,
28,24.0898,,,28,24.0898,,,3.9102,,
28,22.925,,,28,22.925,,,5.075,,
29,23.5086,,,29,23.5086,,,5.4914,,
29,24.4298,,,29,24.4298,,,4.5702,,
29,24.6129,,,29,24.6129,,,4.3871,,
29,24.7463,,,29,24.7463,,,4.2537,,
29,24.9044,,,29,24.9044,,,4.0956,,
29,25.1275,,,29,25.1275,,,3.8725,,
29,25.1164,,,29,25.1164,,,3.8836,,
29,25.3985,,,29,25.3985,,,3.6015,,
29,26.4929,,,29,26.4929,,,2.5071,,
29,26.2531,,,29,26.2531,,,2.7469,,
29,25.0946,,,29,25.0946,,,3.9054,,
28,25.4906,,,28,25.4906,,,2.5094,,
28,24.9189,,,28,24.9189,,,3.0811,,
28,25.1806,,,28,25.1806,,,2.8194,,
28,25.9309,,,28,25.9309,,,2.0691,,
28,26.5262,,,28,26.5262,,,1.4738,,
28,26.967,,,28,26.967,,,1.033,,
28,25.8403,,,28,25.8403,,,2.1597,,
28,26.5747,,,28,26.5747,,,1.4253,,
28,26.7517,,,28,26.7517,,,1.2483,,
28,27.1528,,,28,27.1528,,,0.8472,,
28,27.1747,,,28,27.1747,,,0.8253,,
28,26.9986,,,28,26.9986,,,1.0014,,
28,26.9858,,,28,26.9858,,,1.0142,,
28,27.243,,,28,27.243,,,0.757,,
28,27.3732,,,28,27.3732,,,0.6268,,
28,25.9762,,,28,25.9762,,,2.0238,,
28,26.4685,,,28,26.4685,,,1.5315,,
28,25.5299,,,28,25.5299,,,2.4701,,
28,27.4801,,,28,27.4801,,,0.5199,,
29,27.5095,,,29,27.5095,,,1.4905,,
29,28.712,,,29,28.712,,,0.288,,
29,27.9685,,,29,27.9685,,,1.0315,,
29,27.489,,,29,27.489,,,1.511,,
29,26.9917,,,29,26.9917,,,2.0083,,
29,27.4071,,,29,27.4071,,,1.5929,,
27,27.6023,,,27,27.6023,,,0.6023,,
27,26.8909,,,27,26.8909,,,0.1091,,
27,27.5278,,,27,27.5278,,,0.5278,,
27,28.0761,,,27,28.0761,,,1.0761,,
28,28.5495,,,28,28.5495,,,0.5495,,
28,28.7348,,,28,28.7348,,,0.7348,,
28,29.582,,,28,29.582,,,1.582,,
28,28.4239,,,28,28.4239,,,0.4239,,
28,28.868,,,28,28.868,,,0.868,,
28,29.5963,,,28,29.5963,,,1.5963,,
28,31.4504,,,28,31.4504,,,3.4504,,
28,29.7437,,,28,29.7437,,,1.7437,,
28,29.6817,,,28,29.6817,,,1.6817,,
28,29.8194,,,28,29.8194,,,1.8194,,
28,30.7785,,,28,30.7785,,,2.7785,,
28,30.4402,,,28,30.4402,,,2.4402,,
28,30.5255,,,28,30.5255,,,2.5255,,
28,30.6479,,,28,30.6479,,,2.6479,,
28,29.9953,,,28,29.9953,,,1.9953,,
28,30.2539,,,28,30.2539,,,2.2539,,
27,31.1141,,,27,31.1141,,,4.1141,,
27,30.3856,,,27,30.3856,,,3.3856,,
27,29.7661,,,27,29.7661,,,2.7661,,
27,29.6104,,,27,29.6104,,,2.6104,,
27,30.2589,,,27,30.2589,,,3.2589,,
27,29.7142,,,27,29.7142,,,2.7142,,
27,27.7021,,,27,27.7021,,,0.7021,,
27,27.6768,,,27,27.6768,,,0.6768,,
27,27.1299,,,27,27.1299,,,0.1299,,
28,26.4975,,,28,26.4975,,,1.5025,,
28,26.1663,,,28,26.1663,,,1.8337,,
28,26.2206,,,28,26.2206,,,1.7794,,
28,26.6876,,,28,26.6876,,,1.3124,,
28,26.0573,,,28,26.0573,,,1.9427,,
28,25.6859,,,28,25.6859,,,2.3141,,
28,27.0756,,,28,27.0756,,,0.9244,,
28,26.506,,,28,26.506,,,1.494,,
28,26.3142,,,28,26.3142,,,1.6858,,
28,27.5681,,,28,27.5681,,,0.4319,,
28,27.1114,,,28,27.1114,,,0.8886,,
26,27.5454,,,26,27.5454,,,1.5454,,
26,28.2203,,,26,28.2203,,,2.2203,,
26,28.7628,,,26,28.7628,,,2.7628,,
26,29.5898,,,26,29.5898,,,3.5898,,
26,28.2955,,,26,28.2955,,,2.2955,,
26,28.0751,,,26,28.0751,,,2.0751,,
26,28.107,,,26,28.107,,,2.107,,
26,28.3545,,,26,28.3545,,,2.3545,,
26,28.238,,,26,28.238,,,2.238,,
26,27.1968,,,26,27.1968,,,1.1968,,
26,27.6475,,,26,27.6475,,,1.6475,,
26,26.344,,,26,26.344,,,0.344,,
25,25.5246,,,25,25.5246,,,0.5246,,
24,25.5587,,,24,25.5587,,,1.5587,,
25,24.9529,,,25,24.9529,,,0.0471,,
25,25.0859,,,25,25.0859,,,0.0859,,
25,23.9061,,,25,23.9061,,,1.0939,,
25,23.394,,,25,23.394,,,1.606,,
24,23.9791,,,24,23.9791,,,0.0209,,
24,24.2002,,,24,24.2002,,,0.2002,,
24,25.5066,,,24,25.5066,,,1.5066,,
24,24.3824,,,24,24.3824,,,0.3824,,
24,23.9048,,,24,23.9048,,,0.0952,,
24,23.8027,,,24,23.8027,,,0.1973,,
24,25.0465,,,24,25.0465,,,1.0465,,
24,25.4298,,,24,25.4298,,,1.4298,,
24,24.8845,,,24,24.8845,,,0.8845,,
24,24.7736,,,24,24.7736,,,0.7736,,
24,23.715,,,24,23.715,,,0.285,,
25,23.3043,,,25,23.3043,,,1.6957,,
25,23.0568,,,25,23.0568,,,1.9432,,
25,24.5561,,,25,24.5561,,,0.4439,,
25,23.5083,,,25,23.5083,,,1.4917,,
25,24.3187,,,25,24.3187,,,0.6813,,
25,23.696,,,25,23.696,,,1.304,,
25,22.5417,,,25,22.5417,,,2.4583,,
25,23.4294,,,25,23.4294,,,1.5706,,
25,24.6703,,,25,24.6703,,,0.3297,,
25,24.3207,,,25,24.3207,,,0.6793,,
25,23.2516,,,25,23.2516,,,1.7484,,
25,23.2739,,,25,23.2739,,,1.7261,,
24,23.9171,,,24,23.9171,,,0.0829,,
24,24.6565,,,24,24.6565,,,0.6565,,
24,24.9164,,,24,24.9164,,,0.9164,,
27,24.5751,,,27,24.5751,,,2.4249,,
27,23.0295,,,27,23.0295,,,3.9705,,
27,22.5239,,,27,22.5239,,,4.4761,,
27,22.4469,,,27,22.4469,,,4.5531,,
27,22.1295,,,27,22.1295,,,4.8705,,
27,19.8652,,,27,19.8652,,,7.1348,,
27,20.5885,,,27,20.5885,,,6.4115,,
27,20.4604,,,27,20.4604,,,6.5396,,
26,20.7064,,,26,20.7064,,,5.2936,,
26,21.0504,,,26,21.0504,,,4.9496,,
25,21.6255,,,25,21.6255,,,3.3745,,
24,20.9151,,,24,20.9151,,,3.0849,,
24,21.3699,,,24,21.3699,,,2.6301,,
24,21.4605,,,24,21.4605,,,2.5395,,
25,22.0836,,,25,22.0836,,,2.9164,,
25,21.3581,,,25,21.3581,,,3.6419,,
23,21.8959,,,23,21.8959,,,1.1041,,
23,21.6193,,,23,21.6193,,,1.3807,,
23,21.8479,,,23,21.8479,,,1.1521,,
23,21.3161,,,23,21.3161,,,1.6839,,
23,23,,,,,,,0,,
23,23,,,,,,,0,,
23,23,,,,,,,0,,
23,23,,,,,,,0,,
23,23,,,,,,,0,,
23,23,,,,,,,0,,
23,23,,,,,,,0,,
23,23,,,,,,,0,,
23,23,,,,,,,0,,
23,23,,,,,,,0,,
23,23,,,,,,,0,,
23,23,,,,,,,0,,
23,23,,,,,,,0,,
23,23,,,,,,,0,,
23,23,,,,,,,0,,
23,23,,,,,,,0,,
23,23,,,,,,,0,,
23,23,,,,,,,0,,
22,22,,,,,,,0,,
22,22,,,,,,,0,,
22,22,,,,,,,0,,
22,22,,,,,,,0,,
22,22,,,,,,,0,,
22,22,,,,,,,0,,
22,22,,,,,,,0,,
22,22,,,,,,,0,,
21,21,,,,,,,0,,
21,21,,,,,,,0,,
21,21,,,,,,,0,,
21,21,,,,,,,0,,
21,21,,,,,,,0,,
21,21,,,,,,,0,,
21,21,,,,,,,0,,
21,21,,,,,,,0,,
21,21,,,,,,,0,,
21,21,,,,,,,0,,
21,21,,,,,,,0,,
21,21,,,,,,,0,,
21,21,,,,,,,0,,
21,21,,,,,,,0,,
21,21,,,,,,,0,,
21,21,,,,,,,0,,
21,21,,,,,,,0,,
20,20,,,,,,,0,,
20,20,,,,,,,0,,
20,20,,,,,,,0,,
19,19,,,,,,,0,,
19,19,,,,,,,0,,
19,19,,,,,,,0,,
19,19,,,,,,,0,,
19,19,,,,,,,0,,
19,19,,,,,,,0,,
19,19,,,,,,,0,,
19,19,,,,,,,0,,
19,19,,,,,,,0,,
19,19,,,,,,,0,,
19,19,,,,,,,0,,
19,19,,,,,,,0,,
19,19,,,,,,,0,,
19,19,,,,,,,0,,
19,19,,,,,,,0,,
18,18,,,,,,,0,,
18,18,,,,,,,0,,
18,18,,,,,,,0,,
18,18,,,,,,,0,,
18,18,,,,,,,0,,
18,18,,,,,,,0,,
18,18,,,,,,,0,,
18,18,,,,,,,0,,
18,18,,,,,,,0,,
18,18,,,,,,,0,,
18,18,,,,,,,0,,
18,18,,,,,,,0,,
18,18,,,,,,,0,,
18,18,,,,,,,0,,
18,18,,,,,,,0,,
18,18,,,,,,,0,,
18,18,,,,,,,0,,
18,18,,,,,,,0,,
18,18,,,,,,,0,,
19,19,,,,,,,0,,
19,19,,,,,,,0,,
19,19,,,,,,,0,,
19,19,,,,,,,0,,
19,19,,,,,,,0,,
19,19,,,,,,,0,,
19,19,,,,,,,0,,
19,19,,,,,,,0,,
19,19,,,,,,,0,,
19,19,,,,,,,0,,
19,19,,,,,,,0,,
19,19,,,,,,,0,,
19,19,,,,,,,0,,
19,19,,,,,,,0,,
19,19,,,,,,,0,,
19,19,,,,,,,0,,
19,19,,,,,,,0,,
19,19,,,,,,,0,,
19,19,,,,,,,0,,
19,19,,,,,,,0,,
19,19,,,,,,,0,,
19,19,,,,,,,0,,
19,19,,,,,,,0,,
19,19,,,,,,,0,,
19,19,,,,,,,0,,
20,20,,,,,,,0,,
20,20,,,,,,,0,,
20,20,,,,,,,0,,
20,20,,,,,,,0,,
20,20,,,,,,,0,,
20,20,,,,,,,0,,
20,20,,,,,,,0,,
20,20,,,,,,,0,,
20,20,,,,,,,0,,
20,20,,,,,,,0,,
20,20,,,,,,,0,,
20,20,,,,,,,0,,
20,20,,,,,,,0,,
20,20,,,,,,,0,,
20,20,,,,,,,0,,
20,20,,,,,,,0,,
21,21,,,,,,,0,,
21,21,,,,,,,0,,
21,21,,,,,,,0,,
21,21,,,,,,,0,,
21,21,,,,,,,0,,
21,21,,,,,,,0,,
22,22,,,,,,,0,,
22,22,,,,,,,0,,
22,22,,,,,,,0,,
22,22,,,,,,,0,,
22,22,,,,,,,0,,
22,22,,,,,,,0,,
22,22,,,,,,,0,,
22,22,,,,,,,0,,
22,22,,,,,,,0,,
21,21,,,,,,,0,,
20,20,,,,,,,0,,
20,20,,,,,,,0,,
20,20,,,,,,,0,,
20,20,,,,,,,0,,
19,19,,,,,,,0,,
19,19,,,,,,,0,,
19,19,,,,,,,0,,
19,19,,,,,,,0,,
19,19,,,,,,,0,,
18,18,,,,,,,0,,
17,17,,,,,,,0,,
17,17,,,,,,,0,,
17,17,,,,,,,0,,
17,17,,,,,,,0,,
17,17,,,,,,,0,,
17,17,,,,,,,0,,
17,17,,,,,,,0,,
17,17,,,,,,,0,,
18,18,,,,,,,0,,
18,18,,,,,,,0,,
18,18,,,,,,,0,,
18,18,,,,,,,0,,
18,18,,,,,,,0,,
17,17,,,,,,,0,,
16,16,,,,,,,0,,
16,16,,,,,,,0,,
16,16,,,,,,,0,,
16,16,,,,,,,0,,
16,16,,,,,,,0,,
16,16,,,,,,,0,,
16,16,,,,,,,0,,
16,16,,,,,,,0,,
16,16,,,,,,,0,,
16,16,,,,,,,0,,
16,16,,,,,,,0,,
16,16,,,,,,,0,,
16,16,,,,,,,0,,
16,16,,,,,,,0,,
16,16,,,,,,,0,,
15,15,,,,,,,0,,
15,15,,,,,,,0,,
15,15,,,,,,,0,,
15,15,,,,,,,0,,
15,15,,,,,,,0,,
15,15,,,,,,,0,,
15,15,,,,,,,0,,
15,15,,,,,,,0,,
15,15,,,,,,,0,,
15,15,,,,,,,0,,
15,15,,,,,,,0,,
15,15,,,,,,,0,,
15,15,,,,,,,0,,
15,15,,,,,,,0,,
15,15,,,,,,,0,,
15,15,,,,,,,0,,
15,15,,,,,,,0,,
15,15,,,,,,,0,,
15,15,,,,,,,0,,
15,15,,,,,,,0,,
14,14,,,,,,,0,,
14,14,,,,,,,0,,
14,14,,,,,,,0,,
14,14,,,,,,,0,,
14,14,,,,,,,0,,
14,14,,,,,,,0,,
14,14,,,,,,,0,,
14,14,,,,,,,0,,
14,14,,,,,,,0,,
14,14,,,,,,,0,,
13,13,,,,,,,0,,
13,13,,,,,,,0,,
13,13,,,,,,,0,,
13,13,,,,,,,0,,
13,13,,,,,,,0,,
13,13,,,,,,,0,,
13,13,,,,,,,0,,
13,13,,,,,,,0,,
13,13,,,,,,,0,,
14,14,,,,,,,0,,
14,14,,,,,,,0,,
14,14,,,,,,,0,,
14,14,,,,,,,0,,
15,15,,,,,,,0,,
15,15,,,,,,,0,,
14,14,,,,,,,0,,
14,14,,,,,,,0,,
14,14,,,,,,,0,,
14,14,,,,,,,0,,
14,14,,,,,,,0,,
14,14,,,,,,,0,,
14,14,,,,,,,0,,
14,14,,,,,,,0,,
14,14,,,,,,,0,,
14,14,,,,,,,0,,
15,15,,,,,,,0,,
15,15,,,,,,,0,,
15,15,,,,,,,0,,
15,15,,,,,,,0,,
15,15,,,,,,,0,,
14,14,,,,,,,0,,
14,14,,,,,,,0,,
14,14,,,,,,,0,,
14,14,,,,,,,0,,
14,14,,,,,,,0,,
14,14,,,,,,,0,,
14,14,,,,,,,0,,
14,14,,,,,,,0,,
14,14,,,,,,,0,,
14,14,,,,,,,0,,
14,14,,,,,,,0,,
13,13,,,,,,,0,,
13,13,,,,,,,0,,
13,13,,,,,,,0,,
13,13,,,,,,,0,,
13,13,,,,,,,0,,
14,14,,,,,,,0,,
14,14,,,,,,,0,,
15,15,,,,,,,0,,
16,16,,,,,,,0,,
16,16,,,,,,,0,,
16,16,,,,,,,0,,
17,17,,,,,,,0,,
17,17,,,,,,,0,,
17,17,,,,,,,0,,
17,17,,,,,,,0,,
17,17,,,,,,,0,,
17,17,,,,,,,0,,
17,17,,,,,,,0,,
18,18,,,,,,,0,,
18,18,,,,,,,0,,
19,19,,,,,,,0,,
19,19,,,,,,,0,,
18,18,,,,,,,0,,
18,18,,,,,,,0,,
18,18,,,,,,,0,,
18,18,,,,,,,0,,
18,18,,,,,,,0,,
18,18,,,,,,,0,,
18,18,,,,,,,0,,
18,18,,,,,,,0,,
18,18,,,,,,,0,,
18,18,,,,,,,0,,
19,19,,,,,,,0,,
19,19,,,,,,,0,,
19,19,,,,,,,0,,
19,19,,,,,,,0,,
20,20,,,,,,,0,,
20,20,,,,,,,0,,
20,20,,,,,,,0,,
19,19,,,,,,,0,,
19,19,,,,,,,0,,
19,19,,,,,,,0,,
19,19,,,,,,,0,,
19,19,,,,,,,0,,
19,19,,,,,,,0,,
19,19,,,,,,,0,,
19,19,,,,,,,0,,
19,19,,,,,,,0,,
19,19,,,,,,,0,,
19,19,,,,,,,0,,
20,20,,,,,,,0,,
20,20,,,,,,,0,,
20,20,,,,,,,0,,
19,19,,,,,,,0,,
19,19,,,,,,,0,,
19,19,,,,,,,0,,
19,19,,,,,,,0,,
19,19,,,,,,,0,,
20,20,,,,,,,0,,
20,20,,,,,,,0,,
20,20,,,,,,,0,,
20,20,,,,,,,0,,
20,20,,,,,,,0,,
20,20,,,,,,,0,,
20,20,,,,,,,0,,
21,21,,,,,,,0,,
21,21,,,,,,,0,,
21,21,,,,,,,0,,
21,21,,,,,,,0,,
22,22,,,,,,,0,,
22,22,,,,,,,0,,
22,22,,,,,,,0,,
22,22,,,,,,,0,,
22,22,,,,,,,0,,
22,22,,,,,,,0,,
22,22,,,,,,,0,,
22,22,,,,,,,0,,
22,22,,,,,,,0,,
22,22,,,,,,,0,,
23,23,,,,,,,0,,
23,23,,,,,,,0,,
23,23,,,,,,,0,,
23,23,,,,,,,0,,
23,23,,,,,,,0,,
23,23,,,,,,,0,,
23,23,,,,,,,0,,
23,23,,,,,,,0,,
23,23,,,,,,,0,,
23,23,,,,,,,0,,
23,23,,,,,,,0,,
23,23,,,,,,,0,,
23,23,,,,,,,0,,
23,23,,,,,,,0,,
23,23,,,,,,,0,,
23,23,,,,,,,0,,
23,23,,,,,,,0,,
23,23,,,,,,,0,,
23,23,,,,,,,0,,
23,23,,,,,,,0,,
23,23,,,,,,,0,,
23,23,,,,,,,0,,
23,23,,,,,,,0,,
23,23,,,,,,,0,,
23,23,,,,,,,0,,
23,23,,,,,,,0,,
23,23,,,,,,,0,,
23,23,,,,,,,0,,
23,23,,,,,,,0,,
22,22,,,,,,,0,,
22,22,,,,,,,0,,
22,22,,,,,,,0,,
22,22,,,,,,,0,,
22,22,,,,,,,0,,
22,22,,,,,,,0,,
22,22,,,,,,,0,,
22,22,,,,,,,0,,
23,23,,,,,,,0,,
23,23,,,,,,,0,,
23,23,,,,,,,0,,
23,23,,,,,,,0,,
22,22,,,,,,,0,,
22,22,,,,,,,0,,
23,23,,,,,,,0,,
23,23,,,,,,,0,,
23,23,,,,,,,0,,
23,23,,,,,,,0,,
22,22,,,,,,,0,,
22,22,,,,,,,0,,
22,22,,,,,,,0,,
22,22,,,,,,,0,,
22,22,,,,,,,0,,
22,22,,,,,,,0,,
22,22,,,,,,,0,,
22,22,,,,,,,0,,
22,22,,,,,,,0,,
22,22,,,,,,,0,,
22,22,,,,,,,0,,
24,24,,,,,,,0,,
24,24,,,,,,,0,,
24,24,,,,,,,0,,
24,24,,,,,,,0,,
24,24,,,,,,,0,,
24,24,,,,,,,0,,
24,24,,,,,,,0,,
24,24,,,,,,,0,,
24,24,,,,,,,0,,
24,24,,,,,,,0,,
24,24,,,,,,,0,,
24,24,,,,,,,0,,
21,21,,,,,,,0,,
21,21,,,,,,,0,,
21,21,,,,,,,0,,
21,21,,,,,,,0,,
23,23,,,,,,,0,,
23,23,,,,,,,0,,
23,23,,,,,,,0,,
23,23,,,,,,,0,,
24,24,,,,,,,0,,
24,24,,,,,,,0,,
24,24,,,,,,,0,,
24,24,,,,,,,0,,
24,24,,,,,,,0,,
24,24,,,,,,,0,,
24,24,,,,,,,0,,
25,25,,,,,,,0,,
25,25,,,,,,,0,,
24,24,,,,,,,0,,
24,24,,,,,,,0,,
24,24,,,,,,,0,,
23,23,,,,,,,0,,
23,23,,,,,,,0,,
23,23,,,,,,,0,,
23,23,,,,,,,0,,
23,23,,,,,,,0,,
23,23,,,,,,,0,,
23,23,,,,,,,0,,
23,23,,,,,,,0,,
23,23,,,,,,,0,,
23,23,,,,,,,0,,
22,22,,,,,,,0,,
22,22,,,,,,,0,,
22,22,,,,,,,0,,
22,22,,,,,,,0,,
23,23,,,,,,,0,,
23,23,,,,,,,0,,
23,23,,,,,,,0,,
23,23,,,,,,,0,,
23,23,,,,,,,0,,
23,23,,,,,,,0,,
23,23,,,,,,,0,,
23,23,,,,,,,0,,
23,23,,,,,,,0,,
23,23,,,,,,,0,,
23,23,,,,,,,0,,
22,22,,,,,,,0,,
22,22,,,,,,,0,,
22,22,,,,,,,0,,
22,22,,,,,,,0,,
22,22,,,,,,,0,,
22,22,,,,,,,0,,
22,22,,,,,,,0,,
22,22,,,,,,,0,,
23,23,,,,,,,0,,
23,23,,,,,,,0,,
23,23,,,,,,,0,,
24,24,,,,,,,0,,
24,24,,,,,,,0,,
24,24,,,,,,,0,,
24,24,,,,,,,0,,
24,24,,,,,,,0,,
24,24,,,,,,,0,,
24,24,,,,,,,0,,
25,25,,,,,,,0,,
25,25,,,,,,,0,,
25,25,,,,,,,0,,
25,25,,,,,,,0,,
25,25,,,,,,,0,,
25,25,,,,,,,0,,
25,25,,,,,,,0,,
25,25,,,,,,,0,,
25,25,,,,,,,0,,
24,24,,,,,,,0,,
25,25,,,,,,,0,,
24,24,,,,,,,0,,
25,25,,,,,,,0,,
25,25,,,,,,,0,,
25,25,,,,,,,0,,
25,25,,,,,,,0,,
26,26,,,,,,,0,,
26,26,,,,,,,0,,
26,26,,,,,,,0,,
26,26,,,,,,,0,,
26,26,,,,,,,0,,
26,26,,,,,,,0,,
26,26,,,,,,,0,,
26,26,,,,,,,0,,
26,26,,,,,,,0,,
26,26,,,,,,,0,,
26,26,,,,,,,0,,
26,26,,,,,,,0,,
26,26,,,,,,,0,,
26,26,,,,,,,0,,
27,27,,,,,,,0,,
27,27,,,,,,,0,,
27,27,,,,,,,0,,
27,27,,,,,,,0,,
27,27,,,,,,,0,,
27,27,,,,,,,0,,
27,27,,,,,,,0,,
27,27,,,,,,,0,,
28,28,,,,,,,0,,
28,28,,,,,,,0,,
28,28,,,,,,,0,,
28,28,,,,,,,0,,
29,29,,,,,,,0,,
29,29,,,,,,,0,,
29,29,,,,,,,0,,
29,29,,,,,,,0,,
29,29,,,,,,,0,,
29,29,,,,,,,0,,
29,29,,,,,,,0,,
29,29,,,,,,,0,,
29,29,,,,,,,0,,
30,30,,,,,,,0,,
31,31,,,,,,,0,,
31,31,,,,,,,0,,
31,31,,,,,,,0,,
31,31,,,,,,,0,,
31,31,,,,,,,0,,
31,31,,,,,,,0,,
31,31,,,,,,,0,,
33,33,,,,,,,0,,
34,34,,,,,,,0,,
34,34,,,,,,,0,,
34,34,,,,,,,0,,
34,34,,,,,,,0,,
34,34,,,,,,,0,,
34,34,,,,,,,0,,
34,34,,,,,,,0,,
34,34,,,,,,,0,,
34,34,,,,,,,0,,
34,34,,,,,,,0,,
34,34,,,,,,,0,,
34,34,,,,,,,0,,
33,33,,,,,,,0,,
33,33,,,,,,,0,,
34,34,,,,,,,0,,
34,34,,,,,,,0,,
34,34,,,,,,,0,,
34,34,,,,,,,0,,
34,34,,,,,,,0,,
34,34,,,,,,,0,,
34,34,,,,,,,0,,
34,34,,,,,,,0,,
34,34,,,,,,,0,,
34,34,,,,,,,0,,
34,34,,,,,,,0,,
34,34,,,,,,,0,,
34,34,,,,,,,0,,
35,35,,,,,,,0,,
35,35,,,,,,,0,,
35,35,,,,,,,0,,
36,36,,,,,,,0,,
36,36,,,,,,,0,,
36,36,,,,,,,0,,
36,36,,,,,,,0,,
37,37,,,,,,,0,,
37,37,,,,,,,0,,
37,37,,,,,,,0,,
37,37,,,,,,,0,,
37,37,,,,,,,0,,
37,37,,,,,,,0,,
37,37,,,,,,,0,,
38,38,,,,,,,0,,
38,38,,,,,,,0,,
38,38,,,,,,,0,,
38,38,,,,,,,0,,
38,38,,,,,,,0,,
38,38,,,,,,,0,,
38,38,,,,,,,0,,
38,38,,,,,,,0,,
38,38,,,,,,,0,,
38,38,,,,,,,0,,
38,38,,,,,,,0,,
38,38,,,,,,,0,,
38,38,,,,,,,0,,
38,38,,,,,,,0,,
38,38,,,,,,,0,,
38,38,,,,,,,0,,
38,38,,,,,,,0,,
38,38,,,,,,,0,,
39,39,,,,,,,0,,
40,40,,,,,,,0,,
40,40,,,,,,,0,,
41,41,,,,,,,0,,
41,41,,,,,,,0,,
41,41,,,,,,,0,,
41,41,,,,,,,0,,
42,42,,,,,,,0,,
42,42,,,,,,,0,,
42,42,,,,,,,0,,
42,42,,,,,,,0,,
43,43,,,,,,,0,,
43,43,,,,,,,0,,
42,42,,,,,,,0,,
42,42,,,,,,,0,,
42,42,,,,,,,0,,
42,42,,,,,,,0,,
42,42,,,,,,,0,,
41,41,,,,,,,0,,
41,41,,,,,,,0,,
41,41,,,,,,,0,,
41,41,,,,,,,0,,
42,42,,,,,,,0,,
42,42,,,,,,,0,,
42,42,,,,,,,0,,
42,42,,,,,,,0,,
42,42,,,,,,,0,,
42,42,,,,,,,0,,
42,42,,,,,,,0,,
42,42,,,,,,,0,,
42,42,,,,,,,0,,
42,42,,,,,,,0,,
44,44,,,,,,,0,,
44,44,,,,,,,0,,
45,45,,,,,,,0,,
45,45,,,,,,,0,,
45,45,,,,,,,0,,
45,45,,,,,,,0,,
45,45,,,,,,,0,,
45,45,,,,,,,0,,
45,45,,,,,,,0,,
44,44,,,,,,,0,,
44,44,,,,,,,0,,
43,43,,,,,,,0,,
43,43,,,,,,,0,,
43,43,,,,,,,0,,
43,43,,,,,,,0,,
43,43,,,,,,,0,,
43,43,,,,,,,0,,
43,43,,,,,,,0,,
43,43,,,,,,,0,,
43,43,,,,,,,0,,
44,44,,,,,,,0,,
43,43,,,,,,,0,,
43,43,,,,,,,0,,
43,43,,,,,,,0,,
43,43,,,,,,,0,,
43,43,,,,,,,0,,
43,43,,,,,,,0,,
43,43,,,,,,,0,,
43,43,,,,,,,0,,
43,43,,,,,,,0,,
43,43,,,,,,,0,,
42,42,,,,,,,0,,
42,42,,,,,,,0,,
42,42,,,,,,,0,,
42,42,,,,,,,0,,
42,42,,,,,,,0,,
42,42,,,,,,,0,,
42,42,,,,,,,0,,
42,42,,,,,,,0,,
42,42,,,,,,,0,,
42,42,,,,,,,0,,
41,41,,,,,,,0,,
41,41,,,,,,,0,,
41,41,,,,,,,0,,
41,41,,,,,,,0,,
41,41,,,,,,,0,,
40,40,,,,,,,0,,
40,40,,,,,,,0,,
41,41,,,,,,,0,,
41,41,,,,,,,0,,
41,41,,,,,,,0,,
40,40,,,,,,,0,,
40,40,,,,,,,0,,
40,40,,,,,,,0,,
40,40,,,,,,,0,,
40,40,,,,,,,0,,
40,40,,,,,,,0,,
40,40,,,,,,,0,,
40,40,,,,,,,0,,
40,40,,,,,,,0,,
40,40,,,,,,,0,,
40,40,,,,,,,0,,
40,40,,,,,,,0,,
39,39,,,,,,,0,,
39,39,,,,,,,0,,
39,39,,,,,,,0,,
39,39,,,,,,,0,,
39,39,,,,,,,0,,
40,40,,,,,,,0,,
40,40,,,,,,,0,,
40,40,,,,,,,0,,
40,40,,,,,,,0,,
40,40,,,,,,,0,,
40,40,,,,,,,0,,
40,40,,,,,,,0,,
40,40,,,,,,,0,,
40,40,,,,,,,0,,
40,40,,,,,,,0,,
40,40,,,,,,,0,,
40,40,,,,,,,0,,
42,42,,,,,,,0,,
41,41,,,,,,,0,,
41,41,,,,,,,0,,
42,42,,,,,,,0,,
42,42,,,,,,,0,,
42,42,,,,,,,0,,
42,42,,,,,,,0,,
42,42,,,,,,,0,,
43,43,,,,,,,0,,
43,43,,,,,,,0,,
43,43,,,,,,,0,,
42,42,,,,,,,0,,
42,42,,,,,,,0,,
42,42,,,,,,,0,,
42,42,,,,,,,0,,
42,42,,,,,,,0,,
43,43,,,,,,,0,,
43,43,,,,,,,0,,
43,43,,,,,,,0,,
43,43,,,,,,,0,,
43,43,,,,,,,0,,
44,44,,,,,,,0,,
44,44,,,,,,,0,,
44,44,,,,,,,0,,
44,44,,,,,,,0,,
44,44,,,,,,,0,,
43,43,,,,,,,0,,
43,43,,,,,,,0,,
43,43,,,,,,,0,,
44,44,,,,,,,0,,
44,44,,,,,,,0,,
44,44,,,,,,,0,,
44,44,,,,,,,0,,
44,44,,,,,,,0,,
44,44,,,,,,,0,,
44,44,,,,,,,0,,
44,44,,,,,,,0,,
44,44,,,,,,,0,,
44,44,,,,,,,0,,
44,44,,,,,,,0,,
45,45,,,,,,,0,,
45,45,,,,,,,0,,
44,44,,,,,,,0,,
44,44,,,,,,,0,,
42,42,,,,,,,0,,
42,42,,,,,,,0,,
42,42,,,,,,,0,,
42,42,,,,,,,0,,
43,43,,,,,,,0,,
43,43,,,,,,,0,,
44,44,,,,,,,0,,
44,44,,,,,,,0,,
44,44,,,,,,,0,,
43,43,,,,,,,0,,
43,43,,,,,,,0,,
44,44,,,,,,,0,,
44,44,,,,,,,0,,
44,44,,,,,,,0,,
44,44,,,,,,,0,,
44,44,,,,,,,0,,
45,45,,,,,,,0,,
45,45,,,,,,,0,,
45,45,,,,,,,0,,
46,46,,,,,,,0,,
46,46,,,,,,,0,,
46,46,,,,,,,0,,
47,47,,,,,,,0,,
47,47,,,,,,,0,,
47,47,,,,,,,0,,
47,47,,,,,,,0,,
47,47,,,,,,,0,,
47,47,,,,,,,0,,
47,47,,,,,,,0,,
47,47,,,,,,,0,,
47,47,,,,,,,0,,
48,48,,,,,,,0,,
48,48,,,,,,,0,,
48,48,,,,,,,0,,
48,48,,,,,,,0,,
48,48,,,,,,,0,,
48,48,,,,,,,0,,
48,48,,,,,,,0,,
48,48,,,,,,,0,,
49,49,,,,,,,0,,
50,50,,,,,,,0,,
50,50,,,,,,,0,,
49,49,,,,,,,0,,
49,49,,,,,,,0,,
49,49,,,,,,,0,,
49,49,,,,,,,0,,
50,50,,,,,,,0,,
49,49,,,,,,,0,,
50,50,,,,,,,0,,
50,50,,,,,,,0,,
51,51,,,,,,,0,,
51,51,,,,,,,0,,
51,51,,,,,,,0,,
50,50,,,,,,,0,,
51,51,,,,,,,0,,
51,51,,,,,,,0,,
51,51,,,,,,,0,,
51,51,,,,,,,0,,
51,51,,,,,,,0,,
51,51,,,,,,,0,,
51,51,,,,,,,0,,
50,50,,,,,,,0,,
46,46,,,,,,,0,,
46,46,,,,,,,0,,
46,46,,,,,,,0,,
46,46,,,,,,,0,,
47,45.7285,,,47,45.7285,,,1.2715,,
47,45.3913,,,47,45.3913,,,1.6087,,
47,45.7532,,,47,45.7532,,,1.2468,,
47,46.888,,,47,46.888,,,0.112,,
47,46.1744,,,47,46.1744,,,0.8256,,
47,45.9358,,,47,45.9358,,,1.0642,,
47,45.7294,,,47,45.7294,,,1.2706,,
47,45.5341,,,47,45.5341,,,1.4659,,
47,46.4269,,,47,46.4269,,,0.5731,,
47,46.3821,,,47,46.3821,,,0.6179,,
47,46.2991,,,47,46.2991,,,0.7009,,
46,46.0693,,,46,46.0693,,,0.0693,,
46,45.5636,,,46,45.5636,,,0.4364,,
46,46.053,,,46,46.053,,,0.053,,
46,45.3495,,,46,45.3495,,,0.6505,,
46,44.8347,,,46,44.8347,,,1.1653,,
46,45.6031,,,46,45.6031,,,0.3969,,
46,45.8606,,,46,45.8606,,,0.1394,,
46,45.4308,,,46,45.4308,,,0.5692,,
46,44.6308,,,46,44.6308,,,1.3692,,
46,43.639,,,46,43.639,,,2.361,,
44,45.2274,,,44,45.2274,,,1.2274,,
44,44.4043,,,44,44.4043,,,0.4043,,
44,44.5078,,,44,44.5078,,,0.5078,,
44,44.6054,,,44,44.6054,,,0.6054,,
44,44.8848,,,44,44.8848,,,0.8848,,
44,44.4696,,,44,44.4696,,,0.4696,,
44,42.5429,,,44,42.5429,,,1.4571,,
44,42.6179,,,44,42.6179,,,1.3821,,
44,42.1444,,,44,42.1444,,,1.8556,,
45,42.5591,,,45,42.5591,,,2.4409,,
45,42.4537,,,45,42.4537,,,2.5463,,
45,43.4851,,,45,43.4851,,,1.5149,,
45,43.0583,,,45,43.0583,,,1.9417,,
45,42.5624,,,45,42.5624,,,2.4376,,
46,41.6637,,,46,41.6637,,,4.3363,,
46,42.2948,,,46,42.2948,,,3.7052,,
46,42.1599,,,46,42.1599,,,3.8401,,
46,42.4719,,,46,42.4719,,,3.5281,,
46,41.8694,,,46,41.8694,,,4.1306,,
46,40.9433,,,46,40.9433,,,5.0567,,
46,41.1408,,,46,41.1408,,,4.8592,,
46,42.5593,,,46,42.5593,,,3.4407,,
46,42.7019,,,46,42.7019,,,3.2981,,
46,42.7493,,,46,42.7493,,,3.2507,,
46,41.2459,,,46,41.2459,,,4.7541,,
46,41.6897,,,46,41.6897,,,4.3103,,
46,41.2925,,,46,41.2925,,,4.7075,,
46,42.0816,,,46,42.0816,,,3.9184,,
46,42.8227,,,46,42.8227,,,3.1773,,
45,43.7185,,,45,43.7185,,,1.2815,,
45,42.2955,,,45,42.2955,,,2.7045,,
45,42.0234,,,45,42.0234,,,2.9766,,
45,43.6753,,,45,43.6753,,,1.3247,,
45,42.3479,,,45,42.3479,,,2.6521,,
45,42.6341,,,45,42.6341,,,2.3659,,
45,43.5239,,,45,43.5239,,,1.4761,,
45,44.0271,,,45,44.0271,,,0.9729,,
45,43.8559,,,45,43.8559,,,1.1441,,
45,42.4646,,,45,42.4646,,,2.5354,,
45,40.4557,,,45,40.4557,,,4.5443,,
45,41.2228,,,45,41.2228,,,3.7772,,
45,41.1753,,,45,41.1753,,,3.8247,,
45,40.8994,,,45,40.8994,,,4.1006,,
45,42.3197,,,45,42.3197,,,2.6803,,
45,41.9661,,,45,41.9661,,,3.0339,,
44,42.9001,,,44,42.9001,,,1.0999,,
44,42.1882,,,44,42.1882,,,1.8118,,
44,41.7955,,,44,41.7955,,,2.2045,,
44,41.0066,,,44,41.0066,,,2.9934,,
44,40.7639,,,44,40.7639,,,3.2361,,
45,42.0865,,,45,42.0865,,,2.9135,,
45,41.7255,,,45,41.7255,,,3.2745,,
45,41.2586,,,45,41.2586,,,3.7414,,
45,40.0023,,,45,40.0023,,,4.9977,,
46,40.1257,,,46,40.1257,,,5.8743,,
45,38.9685,,,45,38.9685,,,6.0315,,
45,39.5611,,,45,39.5611,,,5.4389,,
45,39.7226,,,45,39.7226,,,5.2774,,
45,39.7577,,,45,39.7577,,,5.2423,,
45,39.2461,,,45,39.2461,,,5.7539,,
45,39.6877,,,45,39.6877,,,5.3123,,
45,39.2233,,,45,39.2233,,,5.7767,,
45,37.4106,,,45,37.4106,,,7.5894,,
45,36.5303,,,45,36.5303,,,8.4697,,
45,36.1733,,,45,36.1733,,,8.8267,,
45,36.181,,,45,36.181,,,8.819,,
45,35.9174,,,45,35.9174,,,9.0826,,
45,35.7409,,,45,35.7409,,,9.2591,,
45,36.2916,,,45,36.2916,,,8.7084,,
45,36.5086,,,45,36.5086,,,8.4914,,
45,36.2756,,,45,36.2756,,,8.7244,,
45,37.3108,,,45,37.3108,,,7.6892,,
45,35.9981,,,45,35.9981,,,9.0019,,
45,35.4607,,,45,35.4607,,,9.5393,,
46,36.0149,,,46,36.0149,,,9.9851,,
46,36.0709,,,46,36.0709,,,9.9291,,
46,36.6024,,,46,36.6024,,,9.3976,,
46,35.5231,,,46,35.5231,,,10.4769,,
45,35.6218,,,45,35.6218,,,9.3782,,
46,35.1426,,,46,35.1426,,,10.8574,,
45,34.2116,,,45,34.2116,,,10.7884,,
45,35.2491,,,45,35.2491,,,9.7509,,
45,34.5369,,,45,34.5369,,,10.4631,,
45,34.9596,,,45,34.9596,,,10.0404,,
45,36.5017,,,45,36.5017,,,8.4983,,
45,36.7811,,,45,36.7811,,,8.2189,,
45,36.9479,,,45,36.9479,,,8.0521,,
45,37.5141,,,45,37.5141,,,7.4859,,
45,36.3665,,,45,36.3665,,,8.6335,,
45,36.292,,,45,36.292,,,8.708,,
45,36.5083,,,45,36.5083,,,8.4917,,
45,35.9493,,,45,35.9493,,,9.0507,,
45,35.3007,,,45,35.3007,,,9.6993,,
45,35.1521,,,45,35.1521,,,9.8479,,
46,35.2932,,,46,35.2932,,,10.7068,,
45,35.1297,,,45,35.1297,,,9.8703,,
45,35.3799,,,45,35.3799,,,9.6201,,
45,35.5086,,,45,35.5086,,,9.4914,,
45,34.134,,,45,34.134,,,10.866,,
44,34.6632,,,44,34.6632,,,9.3368,,
44,34.5064,,,44,34.5064,,,9.4936,,
44,34.48,,,44,34.48,,,9.52,,
44,35.5614,,,44,35.5614,,,8.4386,,
44,36.1081,,,44,36.1081,,,7.8919,,
46,34.0459,,,46,34.0459,,,11.9541,,
45,33.9658,,,45,33.9658,,,11.0342,,
45,36.4579,,,45,36.4579,,,8.5421,,
45,35.9968,,,45,35.9968,,,9.0032,,
45,35.1314,,,45,35.1314,,,9.8686,,
46,33.4286,,,46,33.4286,,,12.5714,,
45,34.0245,,,45,34.0245,,,10.9755,,
45,34.9569,,,45,34.9569,,,10.0431,,
45,33.6401,,,45,33.6401,,,11.3599,,
45,34.2905,,,45,34.2905,,,10.7095,,
45,34.3485,,,45,34.3485,,,10.6515,,
44,35.5578,,,44,35.5578,,,8.4422,,
44,36.154,,,44,36.154,,,7.846,,
44,35.8138,,,44,35.8138,,,8.1862,,
43,35.8681,,,43,35.8681,,,7.1319,,
43,35.7468,,,43,35.7468,,,7.2532,,
43,36.9503,,,43,36.9503,,,6.0497,,
43,36.0613,,,43,36.0613,,,6.9387,,
43,36.0692,,,43,36.0692,,,6.9308,,
43,35.5162,,,43,35.5162,,,7.4838,,
43,35.8346,,,43,35.8346,,,7.1654,,
43,34.7329,,,43,34.7329,,,8.2671,,
43,34.8725,,,43,34.8725,,,8.1275,,
43,35.0422,,,43,35.0422,,,7.9578,,
43,34.128,,,43,34.128,,,8.872,,
43,33.6891,,,43,33.6891,,,9.3109,,
42,33.6435,,,42,33.6435,,,8.3565,,
42,30.9294,,,42,30.9294,,,11.0706,,
42,31.5968,,,42,31.5968,,,10.4032,,
42,30.6297,,,42,30.6297,,,11.3703,,
44,30.9529,,,44,30.9529,,,13.0471,,
42,31.0204,,,42,31.0204,,,10.9796,,
42,32.2679,,,42,32.2679,,,9.7321,,
41,32.2306,,,41,32.2306,,,8.7694,,
41,32.1669,,,41,32.1669,,,8.8331,,
40,30.853,,,40,30.853,,,9.147,,
40,31.0491,,,40,31.0491,,,8.9509,,
40,30.6076,,,40,30.6076,,,9.3924,,
40,31.1693,,,40,31.1693,,,8.8307,,
39,32.076,,,39,32.076,,,6.924,,
39,32.0648,,,39,32.0648,,,6.9352,,
39,32.4529,,,39,32.4529,,,6.5471,,
39,32.6258,,,39,32.6258,,,6.3742,,
39,31.4886,,,39,31.4886,,,7.5114,,
39,31.9475,,,39,31.9475,,,7.0525,,
39,31.0148,,,39,31.0148,,,7.9852,,
39,31.288,,,39,31.288,,,7.712,,
38,32.0293,,,38,32.0293,,,5.9707,,
38,31.9052,,,38,31.9052,,,6.0948,,
38,31.2138,,,38,31.2138,,,6.7862,,
39,30.5572,,,39,30.5572,,,8.4428,,
39,32.2388,,,39,32.2388,,,6.7612,,
39,30.776,,,39,30.776,,,8.224,,
39,31.0149,,,39,31.0149,,,7.9851,,
39,29.9011,,,39,29.9011,,,9.0989,,
39,30.0566,,,39,30.0566,,,8.9434,,
39,29.5841,,,39,29.5841,,,9.4159,,
39,29.8839,,,39,29.8839,,,9.1161,,
39,30.4097,,,39,30.4097,,,8.5903,,
39,30.5427,,,39,30.5427,,,8.4573,,
39,30.4728,,,39,30.4728,,,8.5272,,
38,29.7321,,,38,29.7321,,,8.2679,,
38,30.1626,,,38,30.1626,,,7.8374,,
38,29.7906,,,38,29.7906,,,8.2094,,
38,29.7587,,,38,29.7587,,,8.2413,,
39,30.5723,,,39,30.5723,,,8.4277,,
39,30.2938,,,39,30.2938,,,8.7062,,
39,30.9606,,,39,30.9606,,,8.0394,,
39,31.3461,,,39,31.3461,,,7.6539,,
39,31.5643,,,39,31.5643,,,7.4357,,
38,31.5962,,,38,31.5962,,,6.4038,,
32,31.1144,,,32,31.1144,,,0.8856,,
32,31.4425,,,32,31.4425,,,0.5575,,
32,31.5142,,,32,31.5142,,,0.4858,,
32,31.0768,,,32,31.0768,,,0.9232,,
34,30.4669,,,34,30.4669,,,3.5331,,
34,30.6056,,,34,30.6056,,,3.3944,,
34,30.9325,,,34,30.9325,,,3.0675,,
34,32.2464,,,34,32.2464,,,1.7536,,
34,33.3656,,,34,33.3656,,,0.6344,,
35,32.6589,,,35,32.6589,,,2.3411,,
35,30.8536,,,35,30.8536,,,4.1464,,
35,31.0433,,,35,31.0433,,,3.9567,,
35,30.7169,,,35,30.7169,,,4.2831,,
35,30.7074,,,35,30.7074,,,4.2926,,
35,29.8662,,,35,29.8662,,,5.1338,,
35,29.9063,,,35,29.9063,,,5.0937,,
35,30.6159,,,35,30.6159,,,4.3841,,
35,30.1723,,,35,30.1723,,,4.8277,,
35,29.9584,,,35,29.9584,,,5.0416,,
35,29.4129,,,35,29.4129,,,5.5871,,
35,28.3259,,,35,28.3259,,,6.6741,,
35,27.9839,,,35,27.9839,,,7.0161,,
35,28.731,,,35,28.731,,,6.269,,
35,29.1605,,,35,29.1605,,,5.8395,,
35,27.9982,,,35,27.9982,,,7.0018,,
35,28.0239,,,35,28.0239,,,6.9761,,
35,28.3694,,,35,28.3694,,,6.6306,,
35,28.2094,,,35,28.2094,,,6.7906,,
33,28.3732,,,33,28.3732,,,4.6268,,
33,28.3287,,,33,28.3287,,,4.6713,,
32,27.6254,,,32,27.6254,,,4.3746,,
32,27.7363,,,32,27.7363,,,4.2637,,
32,28.7556,,,32,28.7556,,,3.2444,,
32,28.7801,,,32,28.7801,,,3.2199,,
32,29.2561,,,32,29.2561,,,2.7439,,
30,28.2803,,,30,28.2803,,,1.7197,,
30,29.5049,,,30,29.5049,,,0.4951,,
30,30.1205,,,30,30.1205,,,0.1205,,
30,29.853,,,30,29.853,,,0.147,,
30,30.6169,,,30,30.6169,,,0.6169,,
29,30.4153,,,29,30.4153,,,1.4153,,
29,30.7962,,,29,30.7962,,,1.7962,,
29,31.5396,,,29,31.5396,,,2.5396,,
29,31.1645,,,29,31.1645,,,2.1645,,
29,30.6717,,,29,30.6717,,,1.6717,,
29,30.8203,,,29,30.8203,,,1.8203,,
29,30.6746,,,29,30.6746,,,1.6746,,
29,31.0957,,,29,31.0957,,,2.0957,,
28,30.2769,,,28,30.2769,,,2.2769,,
28,30.1208,,,28,30.1208,,,2.1208,,
28,30.1008,,,28,30.1008,,,2.1008,,
28,29.4512,,,28,29.4512,,,1.4512,,
28,30.0667,,,28,30.0667,,,2.0667,,
28,29.3925,,,28,29.3925,,,1.3925,,
29,27.4999,,,29,27.4999,,,1.5001,,
29,27.6158,,,29,27.6158,,,1.3842,,
29,27.4583,,,29,27.4583,,,1.5417,,
29,27.9144,,,29,27.9144,,,1.0856,,
29,27.2338,,,29,27.2338,,,1.7662,,
28,27.0479,,,28,27.0479,,,0.9521,,
28,27.2698,,,28,27.2698,,,0.7302,,
28,26.8781,,,28,26.8781,,,1.1219,,
28,26.4417,,,28,26.4417,,,1.5583,,
28,26.0057,,,28,26.0057,,,1.9943,,
28,25.0566,,,28,25.0566,,,2.9434,,
28,24.6693,,,28,24.6693,,,3.3307,,
28,24.6337,,,28,24.6337,,,3.3663,,
28,25.3743,,,28,25.3743,,,2.6257,,
28,25.2846,,,28,25.2846,,,2.7154,,
28,25.1643,,,28,25.1643,,,2.8357,,
28,24.63,,,28,24.63,,,3.37,,
28,25.0258,,,28,25.0258,,,2.9742,,
28,25.8157,,,28,25.8157,,,2.1843,,
28,26.4462,,,28,26.4462,,,1.5538,,
28,25.9732,,,28,25.9732,,,2.0268,,
28,25.2367,,,28,25.2367,,,2.7633,,
28,24.7404,,,28,24.7404,,,3.2596,,
28,23.8553,,,28,23.8553,,,4.1447,,
28,25.2985,,,28,25.2985,,,2.7015,,
28,25.431,,,28,25.431,,,2.569,,
28,24.2865,,,28,24.2865,,,3.7135,,
28,23.7747,,,28,23.7747,,,4.2253,,
28,24.4084,,,28,24.4084,,,3.5916,,
28,24.875,,,28,24.875,,,3.125,,
29,24.0161,,,29,24.0161,,,4.9839,,
28,24.5187,,,28,24.5187,,,3.4813,,
28,24.1284,,,28,24.1284,,,3.8716,,
28,23.4555,,,28,23.4555,,,4.5445,,
28,23.9999,,,28,23.9999,,,4.0001,,
30,23.9495,,,30,23.9495,,,6.0505,,
29,24.1329,,,29,24.1329,,,4.8671,,
29,23.8742,,,29,23.8742,,,5.1258,,
29,24.7923,,,29,24.7923,,,4.2077,,
29,23.2666,,,29,23.2666,,,5.7334,,
30,23.7016,,,30,23.7016,,,6.2984,,
28,23.9992,,,28,23.9992,,,4.0008,,
28,24.1273,,,28,24.1273,,,3.8727,,
28,24.0626,,,28,24.0626,,,3.9374,,
28,24.0548,,,28,24.0548,,,3.9452,,
28,23.6536,,,28,23.6536,,,4.3464,,
28,23.1475,,,28,23.1475,,,4.8525,,
28,24.2748,,,28,24.2748,,,3.7252,,
28,23.3858,,,28,23.3858,,,4.6142,,
28,23.2177,,,28,23.2177,,,4.7823,,
28,23.4968,,,28,23.4968,,,4.5032,,
26,23.48,,,26,23.48,,,2.52,,
26,22.5853,,,26,22.5853,,,3.4147,,
26,21.9825,,,26,21.9825,,,4.0175,,
26,22.0528,,,26,22.0528,,,3.9472,,
26,21.7515,,,26,21.7515,,,4.2485,,
25,22.6434,,,25,22.6434,,,2.3566,,
25,22.754,,,25,22.754,,,2.246,,
25,22.5345,,,25,22.5345,,,2.4655,,
25,24.0129,,,25,24.0129,,,0.9871,,
28,23.4622,,,28,23.4622,,,4.5378,,
26,24.2239,,,26,24.2239,,,1.7761,,
26,24.2252,,,26,24.2252,,,1.7748,,
26,23.539,,,26,23.539,,,2.461,,
26,23.5267,,,26,23.5267,,,2.4733,,
26,23.192,,,26,23.192,,,2.808,,
25,23.0956,,,25,23.0956,,,1.9044,,
25,23.0104,,,25,23.0104,,,1.9896,,
25,22.7655,,,25,22.7655,,,2.2345,,
25,23.372,,,25,23.372,,,1.628,,
25,23.2628,,,25,23.2628,,,1.7372,,
25,24.1031,,,25,24.1031,,,0.8969,,
25,24.6779,,,25,24.6779,,,0.3221,,
25,24.6198,,,25,24.6198,,,0.3802,,
25,24.7874,,,25,24.7874,,,0.2126,,
26,25.2649,,,26,25.2649,,,0.7351,,
26,24.8332,,,26,24.8332,,,1.1668,,
26,25.1302,,,26,25.1302,,,0.8698,,
26,25.1786,,,26,25.1786,,,0.8214,,
26,25.8802,,,26,25.8802,,,0.1198,,
25,25.4808,,,25,25.4808,,,0.4808,,
25,25.5044,,,25,25.5044,,,0.5044,,
25,25.7377,,,25,25.7377,,,0.7377,,
25,27.1856,,,25,27.1856,,,2.1856,,
25,27.463,,,25,27.463,,,2.463,,
26,27.642,,,26,27.642,,,1.642,,
26,28.7052,,,26,28.7052,,,2.7052,,
26,27.8834,,,26,27.8834,,,1.8834,,
26,28.391,,,26,28.391,,,2.391,,
26,28.4114,,,26,28.4114,,,2.4114,,
27,26.6152,,,27,26.6152,,,0.3848,,
27,25.8694,,,27,25.8694,,,1.1306,,
27,25.7843,,,27,25.7843,,,1.2157,,
27,26.5829,,,27,26.5829,,,0.4171,,
27,27.8142,,,27,27.8142,,,0.8142,,
27,26.948,,,27,26.948,,,0.052,,
27,27.41,,,27,27.41,,,0.41,,
27,26.34,,,27,26.34,,,0.66,,
28,26.3294,,,28,26.3294,,,1.6706,,
28,25.1917,,,28,25.1917,,,2.8083,,
29,25.0725,,,29,25.0725,,,3.9275,,
29,25.2421,,,29,25.2421,,,3.7579,,
29,26.8427,,,29,26.8427,,,2.1573,,
29,26.5305,,,29,26.5305,,,2.4695,,
29,26.3339,,,29,26.3339,,,2.6661,,
29,26.9396,,,29,26.9396,,,2.0604,,
29,26.2531,,,29,26.2531,,,2.7469,,
29,25.3455,,,29,25.3455,,,3.6545,,
29,25.0713,,,29,25.0713,,,3.9287,,
29,24.6117,,,29,24.6117,,,4.3883,,
29,25.343,,,29,25.343,,,3.657,,
28,25.2716,,,28,25.2716,,,2.7284,,
28,24.4741,,,28,24.4741,,,3.5259,,
28,24.8255,,,28,24.8255,,,3.1745,,
28,24.2459,,,28,24.2459,,,3.7541,,
29,24.0738,,,29,24.0738,,,4.9262,,
28,23.8616,,,28,23.8616,,,4.1384,,
27,22.9027,,,27,22.9027,,,4.0973,,
27,22.9054,,,27,22.9054,,,4.0946,,
27,23.1611,,,27,23.1611,,,3.8389,,
28,23.2275,,,28,23.2275,,,4.7725,,
28,22.2648,,,28,22.2648,,,5.7352,,
28,23.2959,,,28,23.2959,,,4.7041,,
28,24.9637,,,28,24.9637,,,3.0363,,
28,23.9865,,,28,23.9865,,,4.0135,,
28,24.2152,,,28,24.2152,,,3.7848,,
28,23.5164,,,28,23.5164,,,4.4836,,
28,24.6539,,,28,24.6539,,,3.3461,,
28,24.6411,,,28,24.6411,,,3.3589,,
27,24.8346,,,27,24.8346,,,2.1654,,
27,25.9978,,,27,25.9978,,,1.0022,,
27,25.6389,,,27,25.6389,,,1.3611,,
27,26.1904,,,27,26.1904,,,0.8096,,
27,26.3507,,,27,26.3507,,,0.6493,,
27,26.8065,,,27,26.8065,,,0.1935,,
27,26.8224,,,27,26.8224,,,0.1776,,
27,26.4312,,,27,26.4312,,,0.5688,,
27,25.9792,,,27,25.9792,,,1.0208,,
27,26.5508,,,27,26.5508,,,0.4492,,
27,25.714,,,27,25.714,,,1.286,,
27,26.4947,,,27,26.4947,,,0.5053,,
27,25.5724,,,27,25.5724,,,1.4276,,
27,25.4296,,,27,25.4296,,,1.5704,,
27,26.2501,,,27,26.2501,,,0.7499,,
27,26.5363,,,27,26.5363,,,0.4637,,
27,26.0804,,,27,26.0804,,,0.9196,,
27,26.0068,,,27,26.0068,,,0.9932,,
27,25.8687,,,27,25.8687,,,1.1313,,
27,25.6566,,,27,25.6566,,,1.3434,,
27,25.3041,,,27,25.3041,,,1.6959,,
28,26.0747,,,28,26.0747,,,1.9253,,
28,26.6064,,,28,26.6064,,,1.3936,,
28,27.0267,,,28,27.0267,,,0.9733,,
28,27.1944,,,28,27.1944,,,0.8056,,
28,26.7382,,,28,26.7382,,,1.2618,,
28,26.0503,,,28,26.0503,,,1.9497,,
28,25.8221,,,28,25.8221,,,2.1779,,
28,26.9707,,,28,26.9707,,,1.0293,,
28,25.9669,,,28,25.9669,,,2.0331,,
27,25.3985,,,27,25.3985,,,1.6015,,
27,24.6383,,,27,24.6383,,,2.3617,,
27,25.4727,,,27,25.4727,,,1.5273,,
27,24.9183,,,27,24.9183,,,2.0817,,
27,25.5023,,,27,25.5023,,,1.4977,,
27,24.2634,,,27,24.2634,,,2.7366,,
27,24.604,,,27,24.604,,,2.396,,
27,24.7676,,,27,24.7676,,,2.2324,,
27,25.1773,,,27,25.1773,,,1.8227,,
27,24.86,,,27,24.86,,,2.14,,
27,25.4939,,,27,25.4939,,,1.5061,,
27,25.6336,,,27,25.6336,,,1.3664,,
27,25.9455,,,27,25.9455,,,1.0545,,
27,25.785,,,27,25.785,,,1.215,,
27,25.3937,,,27,25.3937,,,1.6063,,
27,25.1341,,,27,25.1341,,,1.8659,,
27,24.6062,,,27,24.6062,,,2.3938,,
27,24.6448,,,27,24.6448,,,2.3552,,
27,25.8341,,,27,25.8341,,,1.1659,,
27,25.7758,,,27,25.7758,,,1.2242,,
27,25.2113,,,27,25.2113,,,1.7887,,
28,25.1624,,,28,25.1624,,,2.8376,,
28,24.7829,,,28,24.7829,,,3.2171,,
28,24.6212,,,28,24.6212,,,3.3788,,
28,24.557,,,28,24.557,,,3.443,,
28,24.2991,,,28,24.2991,,,3.7009,,
28,25.0654,,,28,25.0654,,,2.9346,,
27,25.5707,,,27,25.5707,,,1.4293,,
27,24.9732,,,27,24.9732,,,2.0268,,
27,24.5506,,,27,24.5506,,,2.4494,,
27,24.5815,,,27,24.5815,,,2.4185,,
27,24.6884,,,27,24.6884,,,2.3116,,
27,25.8954,,,27,25.8954,,,1.1046,,
27,25.8153,,,27,25.8153,,,1.1847,,
27,24.4276,,,27,24.4276,,,2.5724,,
27,24.7737,,,27,24.7737,,,2.2263,,
26,24.9102,,,26,24.9102,,,1.0898,,
25,24.2453,,,25,24.2453,,,0.7547,,
25,23.9043,,,25,23.9043,,,1.0957,,
25,23.1567,,,25,23.1567,,,1.8433,,
25,23.4645,,,25,23.4645,,,1.5355,,
25,24.6797,,,25,24.6797,,,0.3203,,
25,24.302,,,25,24.302,,,0.698,,
25,24.4655,,,25,24.4655,,,0.5345,,
25,24.209,,,25,24.209,,,0.791,,
26,24.7471,,,26,24.7471,,,1.2529,,
26,25.02,,,26,25.02,,,0.98,,
25,24.9879,,,25,24.9879,,,0.0121,,
25,24.5103,,,25,24.5103,,,0.4897,,
25,24.0894,,,25,24.0894,,,0.9106,,
25,24.9854,,,25,24.9854,,,0.0146,,
25,25.9747,,,25,25.9747,,,0.9747,,
25,25.6844,,,25,25.6844,,,0.6844,,
25,25.7038,,,25,25.7038,,,0.7038,,
25,25.8363,,,25,25.8363,,,0.8363,,
25,26.289,,,25,26.289,,,1.289,,
25,26.6019,,,25,26.6019,,,1.6019,,
25,26.6349,,,25,26.6349,,,1.6349,,
24,25.6296,,,24,25.6296,,,1.6296,,
24,25.2606,,,24,25.2606,,,1.2606,,
24,24.9808,,,24,24.9808,,,0.9808,,
23,23.8687,,,23,23.8687,,,0.8687,,
23,23.7773,,,23,23.7773,,,0.7773,,
23,23.8435,,,23,23.8435,,,0.8435,,
23,24.1559,,,23,24.1559,,,1.1559,,
23,24.8609,,,23,24.8609,,,1.8609,,
23,25.6839,,,23,25.6839,,,2.6839,,
23,25.1951,,,23,25.1951,,,2.1951,,
23,24.8073,,,23,24.8073,,,1.8073,,
23,25.0555,,,23,25.0555,,,2.0555,,
23,25.5019,,,23,25.5019,,,2.5019,,
23,25.7905,,,23,25.7905,,,2.7905,,
23,25.5371,,,23,25.5371,,,2.5371,,
23,25.2842,,,23,25.2842,,,2.2842,,
23,25.8391,,,23,25.8391,,,2.8391,,
23,26.1894,,,23,26.1894,,,3.1894,,
23,26.5859,,,23,26.5859,,,3.5859,,
23,25.8343,,,23,25.8343,,,2.8343,,
23,24.6039,,,23,24.6039,,,1.6039,,
23,25.081,,,23,25.081,,,2.081,,
23,24.6076,,,23,24.6076,,,1.6076,,
23,24.4295,,,23,24.4295,,,1.4295,,
23,24.1986,,,23,24.1986,,,1.1986,,
23,24.0622,,,23,24.0622,,,1.0622,,
23,24.2149,,,23,24.2149,,,1.2149,,
23,24.3047,,,23,24.3047,,,1.3047,,
22,23.2343,,,22,23.2343,,,1.2343,,
22,23.5098,,,22,23.5098,,,1.5098,,
22,23.3389,,,22,23.3389,,,1.3389,,
22,23.0356,,,22,23.0356,,,1.0356,,
22,23.5771,,,22,23.5771,,,1.5771,,
22,24.5208,,,22,24.5208,,,2.5208,,
22,24.7327,,,22,24.7327,,,2.7327,,
22,25.123,,,22,25.123,,,3.123,,
22,26.3837,,,22,26.3837,,,4.3837,,
22,25.908,,,22,25.908,,,3.908,,
22,25.2352,,,22,25.2352,,,3.2352,,
22,25.6025,,,22,25.6025,,,3.6025,,
22,25.8317,,,22,25.8317,,,3.8317,,
23,26.293,,,23,26.293,,,3.293,,
23,26.0525,,,23,26.0525,,,3.0525,,
23,25.8109,,,23,25.8109,,,2.8109,,
23,24.8407,,,23,24.8407,,,1.8407,,
22,25.313,,,22,25.313,,,3.313,,
22,25.5556,,,22,25.5556,,,3.5556,,
22,25.1504,,,22,25.1504,,,3.1504,,
22,24.2538,,,22,24.2538,,,2.2538,,
22,23.5578,,,22,23.5578,,,1.5578,,
22,23.2669,,,22,23.2669,,,1.2669,,
22,23.7361,,,22,23.7361,,,1.7361,,
22,23.4772,,,22,23.4772,,,1.4772,,
22,23.1549,,,22,23.1549,,,1.1549,,
22,23.2489,,,22,23.2489,,,1.2489,,
22,22.5979,,,22,22.5979,,,0.5979,,
22,22.7647,,,22,22.7647,,,0.7647,,
22,22.3123,,,22,22.3123,,,0.3123,,
22,22.2036,,,22,22.2036,,,0.2036,,
22,21.6671,,,22,21.6671,,,0.3329,,
22,22.5796,,,22,22.5796,,,0.5796,,
22,22.6291,,,22,22.6291,,,0.6291,,
22,22.9134,,,22,22.9134,,,0.9134,,
22,22.5156,,,22,22.5156,,,0.5156,,
22,23.4054,,,22,23.4054,,,1.4054,,
22,23.5878,,,22,23.5878,,,1.5878,,
22,24.1276,,,22,24.1276,,,2.1276,,
22,23.5218,,,22,23.5218,,,1.5218,,
23,24.5372,,,23,24.5372,,,1.5372,,
23,24.2976,,,23,24.2976,,,1.2976,,
23,25.1905,,,23,25.1905,,,2.1905,,
24,24.8536,,,24,24.8536,,,0.8536,,
24,24.144,,,24,24.144,,,0.144,,
24,23.6401,,,24,23.6401,,,0.3599,,
23,23.8029,,,23,23.8029,,,0.8029,,
23,23.8462,,,23,23.8462,,,0.8462,,
23,23.8177,,,23,23.8177,,,0.8177,,
23,23.3636,,,23,23.3636,,,0.3636,,
24,22.9715,,,24,22.9715,,,1.0285,,
22,23.609,,,22,23.609,,,1.609,,
22,24.1279,,,22,24.1279,,,2.1279,,
22,24.2045,,,22,24.2045,,,2.2045,,
22,23.8423,,,22,23.8423,,,1.8423,,
22,24.5031,,,22,24.5031,,,2.5031,,
23,25.0754,,,23,25.0754,,,2.0754,,
23,24.9541,,,23,24.9541,,,1.9541,,
23,24.9922,,,23,24.9922,,,1.9922,,
23,25.8213,,,23,25.8213,,,2.8213,,
23,25.5368,,,23,25.5368,,,2.5368,,
22,25.1935,,,22,25.1935,,,3.1935,,
22,25.2985,,,22,25.2985,,,3.2985,,
22,25.251,,,22,25.251,,,3.251,,
22,24.0943,,,22,24.0943,,,2.0943,,
22,24.2979,,,22,24.2979,,,2.2979,,
22,23.9458,,,22,23.9458,,,1.9458,,
22,23.1051,,,22,23.1051,,,1.1051,,
22,23.8025,,,22,23.8025,,,1.8025,,
22,23.5231,,,22,23.5231,,,1.5231,,
22,23.4596,,,22,23.4596,,,1.4596,,
22,22.8265,,,22,22.8265,,,0.8265,,
22,23.0109,,,22,23.0109,,,1.0109,,
22,23.6919,,,22,23.6919,,,1.6919,,
22,23.2414,,,22,23.2414,,,1.2414,,
22,23.0147,,,22,23.0147,,,1.0147,,
22,23.9602,,,22,23.9602,,,1.9602,,
22,24.7387,,,22,24.7387,,,2.7387,,
22,25.0502,,,22,25.0502,,,3.0502,,
22,26.0671,,,22,26.0671,,,4.0671,,
22,25.808,,,22,25.808,,,3.808,,
22,24.2253,,,22,24.2253,,,2.2253,,
21,24.6964,,,21,24.6964,,,3.6964,,
21,24.6462,,,21,24.6462,,,3.6462,,
21,23.0803,,,21,23.0803,,,2.0803,,
21,23.6252,,,21,23.6252,,,2.6252,,
20,22.3687,,,20,22.3687,,,2.3687,,
20,22.8143,,,20,22.8143,,,2.8143,,
20,22.9469,,,20,22.9469,,,2.9469,,
20,23.0371,,,20,23.0371,,,3.0371,,
21,23.1338,,,21,23.1338,,,2.1338,,
21,21.9685,,,21,21.9685,,,0.9685,,
21,22.5155,,,21,22.5155,,,1.5155,,
21,23.1158,,,21,23.1158,,,2.1158,,
21,21.8942,,,21,21.8942,,,0.8942,,
21,21.3921,,,21,21.3921,,,0.3921,,
21,21.8522,,,21,21.8522,,,0.8522,,
21,22.0182,,,21,22.0182,,,1.0182,,
21,22.5441,,,21,22.5441,,,1.5441,,
21,22.3083,,,21,22.3083,,,1.3083,,
21,21.7531,,,21,21.7531,,,0.7531,,
20,20.917,,,20,20.917,,,0.917,,
20,20.8378,,,20,20.8378,,,0.8378,,
20,21.9836,,,20,21.9836,,,1.9836,,
20,20.9853,,,20,20.9853,,,0.9853,,
,,,,,,,,,,
,,,,,,,,,,
mae,2.98293,,,mae,2.98293,,,,,
